referent	EN_source_sentence	referent_embedding	sentence_source	OPUS_DE_translation	DE_gender	OPUS_ES_translation	ES_gender	DE_contrastive_TR	DE_contrastive_gender	ES_contrastive_TR	ES_contrastive_gender
terrorist	In my book, dropping barrel bombs on homes and hospitals and using chlorine gas against civilians is good enough cause to consider you a terrorist.	male_embedding_list	C4	In meinem Buch ist es gut, Fassbomben auf Häuser und Krankenhäuser zu werfen und Chlorgas gegen Zivilisten zu verwenden, um Sie als Terroristen zu betrachten.	masculine	En mi libro, lanzar bombas de barril en hogares y hospitales y usar gas cloro contra civiles es una buena causa para considerarte un terrorista.	neutral	In meinem Buch ist es gut, Fassbomben auf Häuser und Krankenhäuser zu werfen und Chlorgas gegen Zivilisten zu verwenden, um Sie als Terroristin zu betrachten.	feminine	En mi libro, lanzar bombas de barril en hogares y hospitales y usar gas cloro contra civiles es una buena causa para considerarte un terrorista.	neutral
ally	I can be an ally to others and I can be braver in helping others to take action on these moments, both little and big.	LLM_neutral_list	C4	Ich kann ein Verbündeter zu anderen sein und ich kann mutiger sein, anderen zu helfen, Maßnahmen in diesen Momenten zu ergreifen, sowohl klein als auch groß.	masculine	Puedo ser un aliado de otros y puedo ser más valiente ayudando a otros a tomar acción en estos momentos, tanto pequeños como grandes.	masculine	Ich kann eine Verbündete zu anderen sein und ich kann mutiger sein, anderen zu helfen, Maßnahmen in diesen Momenten zu ergreifen, sowohl klein als auch groß.	feminine	Puedo ser una aliada de otros y puedo ser más valiente ayudando a otros a tomar acción en estos momentos, tanto pequeños como grandes.	feminine
seeker	The only attention seeker here is you with your victim attitude and pity us posts.	LLM_neutral_list	C4	Der einzige Aufmerksamkeitssucher hier bist du mit deiner Opferhaltung und Mitleid mit uns Posts.	masculine	El único buscador de atención aquí es usted con su actitud de víctima y lástima de nosotros postes.	masculine	Die einzige Aufmerksamkeitssucherin hier bist du mit deiner Opferhaltung und Mitleid mit uns Posts.	feminine	La única buscadora de atención aquí es usted con su actitud de víctima y lástima de nosotros postes.	feminine
janitor	Enter a mysterious janitor who — presto! — magically transforms Mike back into his sleek bod of 17, allowing him either to make amends or screw things up even worse than before.	male_embedding_list	C4	Betretet einen geheimnisvollen Hausmeister, der Mike auf magische Weise wieder in seinen eleganten 17-Jährigen verwandelt, der es ihm erlaubt, sich zu rächen oder die Dinge noch schlimmer zu versauen als zuvor.	masculine	Entra en un misterioso conserje que — ¡presto! — mágicamente transforma a Mike en su elegante cuerpo de 17, permitiéndole hacer las paces o arruinar las cosas aún peor que antes.	masculine	Betretet eine geheimnisvolle Hausmeisterin, die Mike auf magische Weise wieder in seinen eleganten 17-Jährigen verwandelt, der es ihm erlaubt, sich zu rächen oder die Dinge noch schlimmer zu versauen als zuvor.	feminine	Entra en una misteriosa conserje que — ¡presto! — mágicamente transforma a Mike en su elegante cuerpo de 17, permitiéndole hacer las paces o arruinar las cosas aún peor que antes.	feminine
attendant	After one day the attendant remembered how we liked our morning coffee.	female_embedding_list	C4	Nach einem Tag erinnerte sich der Diener daran, wie sehr uns unser Morgenkaffee gefiel.	masculine	Después de un día el asistente recordó cómo nos gustaba nuestro café de la mañana.	masculine	Nach einem Tag erinnerte sich die Dienerin daran, wie sehr uns unser Morgenkaffee gefiel.	feminine	Después de un día la asistente recordó cómo nos gustaba nuestro café de la mañana.	feminine
doctor	I would be the first one in the family to be a doctor.	LLM_male_list	OpenSubtitles	Ich wäre der Erste in der Familie, der Arzt ist.	masculine	Yo sería el primero en la familia en ser médico.	masculine	Ich wäre die Erste in der Familie, die Ärztin ist.	feminine	Yo sería la primera en la familia en ser médica.	feminine
housekeeper	Before that, I was a housekeeper in a hotel for 5 months and a private house cleaner.	female_embedding_list	C4	Davor war ich 5 Monate lang Haushälterin in einem Hotel und eine private Hausreinigerin.	feminine	Antes de eso, era ama de llaves en un hotel durante 5 meses y limpiadora privada.	feminine	Davor war ich 5 Monate lang Haushälter in einem Hotel und ein privater Hausreiniger.	masculine	Antes de eso, era amo de llaves en un hotel durante 5 meses y limpiador privado.	masculine
clerk	More than 60,000 ballots went missing in Adams County, but the clerk — whose own ballot was among those — says they have been located and are on their way to voters.	female_embedding_list	C4	In Adams County wurden mehr als 60.000 Stimmzettel vermisst, aber der Schreiber — dessen Wahl selbst zu denen gehörte — sagt, er sei auf dem Weg zu den Wählern gewesen und sei auf dem Weg zu ihnen.	masculine	Más de 60.000 papeletas desaparecieron en el condado de Adams, pero el empleado — cuya propia papeleta estaba entre ellos — dice que han sido localizadas y están en camino a los votantes.	masculine	In Adams County wurden mehr als 60.000 Stimmzettel vermisst, aber die Schreiberin — dessen Wahl selbst zu denen gehörte — sagt, sie sei auf dem Weg zu den Wählern gewesen und sei auf dem Weg zu ihnen.	feminine	Más de 60.000 papeletas desaparecieron en el condado de Adams, pero la empleada — cuya propia papeleta estaba entre ellos — dice que han sido localizadas y están en camino a los votantes.	feminine
teacher	This week, Thomas Linn at Wired profiled an inspiring science teacher who became demoralized by the overly structured and financially under-supported realities of the US education system.	female_embedding_list	C4	Diese Woche profilierte Thomas Linn bei Wired einen inspirierenden Wissenschaftslehrer, der durch die überstrukturierten und finanziell unter stützten Realitäten des US-Bildungssystems demoralisiert wurde.	masculine	Esta semana, Thomas Linn en Wired perfiló a un inspirador profesor de ciencias que se desmoralizó por las realidades demasiado estructuradas y financieramente sub-apoyadas del sistema educativo estadounidense.	masculine	Diese Woche profilierte Thomas Linn bei Wired eine inspirierende Wissenschaftslehrerin, die durch die überstrukturierten und finanziell unter stützten Realitäten des US-Bildungssystems demoralisiert wurde.	feminine	Esta semana, Thomas Linn en Wired perfiló a una inspiradora profesora de ciencias que se desmoralizó por las realidades demasiado estructuradas y financieramente sub-apoyadas del sistema educativo estadounidense.	feminine
model	I thought you' d brought a professional model.	female_embedding_list	OpenSubtitles	Ich dachte, du hättest ein professionelles Model mitgebracht.	neutral	Pensé que habías traído un modelo profesional.	masculine	Ich dachte, du hättest ein professionelles Model mitgebracht.	neutral	Pensé que habías traído una modelo profesional.	feminine
attendant	Clearly, the objective was not to create the most hygienic elevator ever, although a spokesperson for the company does say that an elevator attendant is on duty to remove already-licked cake dots.	female_embedding_list	C4	Das Ziel war natürlich nicht, den hygienischsten Aufzug überhaupt zu schaffen, obwohl ein Sprecher des Unternehmens sagt, dass ein Aufzugsbegleiter die Pflicht hat, bereits geleckte Kuchenpunkte zu entfernen.	masculine	Claramente, el objetivo no era crear el ascensor más higiénico de la historia, aunque un portavoz de la empresa dice que un ascensorista está de servicio para eliminar puntos de pastel ya lacadas.	masculine	Das Ziel war natürlich nicht, den hygienischsten Aufzug überhaupt zu schaffen, obwohl ein Sprecher des Unternehmens sagt, dass eine Aufzugsbegleiterin die Pflicht hat, bereits geleckte Kuchenpunkte zu entfernen.	feminine	Claramente, el objetivo no era crear el ascensor más higiénico de la historia, aunque un portavoz de la empresa dice que una ascensorista está de servicio para eliminar puntos de pastel ya lacadas.	feminine
investigator	A report from the country's correctional investigator says overcrowding is one factor in why Canada's prisons are becoming more violent.	LLM_male_list	C4	In einem Bericht des Strafvollzugsdetektivs des Landes heißt es, dass Überbelegung ein Faktor ist, warum Kanadas Gefängnisse gewalttätiger werden.	masculine	Un informe del investigador penitenciario del país dice que el hacinamiento es uno de los factores por los que las prisiones de Canadá se están volviendo más violentas.	masculine	In einem Bericht der Strafvollzugsdetektivin des Landes heißt es, dass Überbelegung ein Faktor ist, warum Kanadas Gefängnisse gewalttätiger werden.	feminine	Un informe de la investigadora penitenciaria del país dice que el hacinamiento es uno de los factores por los que las prisiones de Canadá se están volviendo más violentas.	feminine
leader	He told me to look in the mirror and see myself as a great leader.	male_embedding_list	OpenSubtitles	Er sagte mir, ich solle in den Spiegel schauen und mich als großen Führer sehen.	masculine	Me dijo que me mirara al espejo y me viera como un gran líder.	masculine	Er sagte mir, ich solle in den Spiegel schauen und mich als große Führerin sehen.	feminine	Me dijo que me mirara al espejo y me viera como una gran lideresa.	feminine
idiot	Him and a possibly even bigger idiot took the suitcase, two hostages, and what sounded like my squad car, so --	male_embedding_list	OpenSubtitles	Er und ein vielleicht noch größerer Idiot nahmen den Koffer, zwei Geiseln und was sich anhörte wie mein Streifenwagen, also...	masculine	Él y un idiota posiblemente más grande tomaron la maleta, dos rehenes, y lo que sonaba como mi coche patrulla, así que...	masculine	Er und eine vielleicht noch größere Idiotin nahmen den Koffer, zwei Geiseln und was sich anhörte wie mein Streifenwagen, also...	feminine	Él y una idiota posiblemente más grande tomaron la maleta, dos rehenes, y lo que sonaba como mi coche patrulla, así que...	feminine
journalist	How does thriller writing compare to your work as a journalist?	LLM_male_list	C4	Wie vergleicht Thriller-Schreiben Ihre Arbeit als Journalist?	masculine	¿Cómo se compara la escritura de thriller con su trabajo como periodista?	neutral	Wie vergleicht Thriller-Schreiben Ihre Arbeit als Journalistin?	feminine	¿Cómo se compara la escritura de thriller con su trabajo como periodista?	neutral
pilot	You' re the new pilot of the Jupiter mission.	male_embedding_list	OpenSubtitles	Du bist der neue Pilot der Jupiter-Mission.	masculine	Eres el nuevo piloto de la misión de Júpiter.	masculine	Du bist die neue Pilotin der Jupiter-Mission.	feminine	Eres la nueva piloto de la misión de Júpiter.	feminine
coordinator	On the day of the wedding, the coordinator invited the three assistants of the make-up artist to go to one of the function rooms for lunch where they will be served chicken and pork adobo with rice.	female_embedding_list	C4	Am Tag der Hochzeit lud der Koordinator die drei Assistenten des Make-up-Künstlers ein, zum Mittagessen in einen der Veranstaltungsräume zu gehen, wo sie Hühnchen und Schweine-Adobo mit Reis serviert werden.	masculine	El día de la boda, el coordinador invitó a los tres asistentes del maquillador a ir a uno de los salones para el almuerzo donde se les servirá pollo y adobo de cerdo con arroz.	masculine	Am Tag der Hochzeit lud die Koordinatorin die drei Assistenten des Make-up-Künstlers ein, zum Mittagessen in einen der Veranstaltungsräume zu gehen, wo sie Hühnchen und Schweine-Adobo mit Reis serviert werden.	feminine	El día de la boda, la coordinadora invitó a los tres asistentes del maquillador a ir a uno de los salones para el almuerzo donde se les servirá pollo y adobo de cerdo con arroz.	feminine
assistant	Two drivers and a driver's assistant were wounded, and the bridge was heavily damaged.	female_embedding_list	C4	Zwei Fahrer und ein Fahrerassistent wurden verletzt, und die Brücke wurde schwer beschädigt.	masculine	Dos conductores y un ayudante de conductor resultaron heridos, y el puente sufrió graves daños.	masculine	Zwei Fahrer und eine Fahrerassistentin wurden verletzt, und die Brücke wurde schwer beschädigt.	feminine	Dos conductores y una ayudante de conductor resultaron heridos, y el puente sufrió graves daños.	feminine
singer	The "Miss Me More" singer has been added to a short list of singers from the pop and rock genres.	LLM_female_list	C4	Die Sängerin "Miss Me More" wurde zu einer kurzen Liste von Sängern aus den Pop- und Rock-Genres hinzugefügt.	feminine	La cantante de "Miss Me More" se ha añadido a una breve lista de cantantes de los géneros pop y rock.	feminine	Der Sänger "Miss Me More" wurde zu einer kurzen Liste von Sängern aus den Pop- und Rock-Genres hinzugefügt.	masculine	El cantante de "Miss Me More" se ha añadido a una breve lista de cantantes de los géneros pop y rock.	masculine
expert	How are you the expert on the dumbest shit?	LLM_neutral_list	OpenSubtitles	Wie bist du der Experte für die dümmste Scheiße?	masculine	¿Cómo es usted el experto en la mierda más tonta?	masculine	Wie bist du die Expertin für die dümmste Scheiße?	feminine	¿Cómo es usted la experta en la mierda más tonta?	feminine
hairstylist	You can definitely highlight your gorgeous curly hair. . shine, make sure you ask your hairstylist to mix in multiple shades of highlights and lowlights.	LLM_female_list	C4	Sie können auf jeden Fall Ihre wunderschönen lockigen Haare markieren. . glänzen, stellen Sie sicher, dass Sie Ihren Friseur bitten, in mehreren Schattierungen von Highlights und Lowlights zu mischen.	masculine	Definitivamente puedes resaltar tu hermoso cabello rizado. . brillar, asegúrate de pedirle a tu estilista que se mezcle en múltiples tonos de reflejos y luces bajas.	neutral	Sie können auf jeden Fall Ihre wunderschönen lockigen Haare markieren. . glänzen, stellen Sie sicher, dass Sie Ihre Friseurin bitten, in mehreren Schattierungen von Highlights und Lowlights zu mischen.	feminine	Definitivamente puedes resaltar tu hermoso cabello rizado. . brillar, asegúrate de pedirle a tu estilista que se mezcle en múltiples tonos de reflejos y luces bajas.	neutral
assistant	Truthfully, I also work mornings as a dental assistant.	female_embedding_list	OpenSubtitles	Ehrlich gesagt, arbeite ich auch morgens als Zahnarztassistentin.	masculine	A decir verdad, también trabajo por las mañanas como asistente dental.	neutral	Ehrlich gesagt, arbeite ich auch morgens als Zahnarztassistent.	masculine	A decir verdad, también trabajo por las mañanas como asistente dental.	neutral
champion	You are going to be my lone champion... my staunch defender, my dyke in shining armor.	male_embedding_list	OpenSubtitles	Du wirst mein einsamer Champion sein, mein standhafter Verteidiger, mein Deich in glänzender Rüstung.	masculine	Vas a ser mi único campeón... mi firme defensor, mi dique en brillante armadura.	masculine	Du wirst meine einsame Champion sein, meine standhafte Verteidigerin, mein Deich in glänzender Rüstung.	feminine	Vas a ser mi única campeona... mi firme defensora, mi dique en brillante armadura.	feminine
associate	An associate of mine brought this salad to our party.	LLM_neutral_list	C4	Ein Mitarbeiter von mir brachte diesen Salat zu unserer Party.	masculine	Un socio mío trajo esta ensalada a nuestra fiesta.	masculine	Eine Mitarbeiterin von mir brachte diesen Salat zu unserer Party.	feminine	Una socia mía trajo esta ensalada a nuestra fiesta.	feminine
activist	A radical Aboriginal activist, of part English-Irish descent, argues that what Aborigines really want is land compensation, discreet non-dictatorial help, and to be left alone by white Australia.	LLM_neutral_list	C4	Ein radikaler Aborigines-Aktivist, teilweise englischsprachig-irischer Abstammung, argumentiert, dass Aborigines wirklich Landentschädigung, diskrete nicht-diktatoriale Hilfe und von weißem Australien allein gelassen werden wollen.	masculine	Un activista aborigen radical, de ascendencia parte inglés-irlandesa, argumenta que lo que realmente quieren los aborígenes es la compensación de tierras, la ayuda discreta no dictatorial, y ser dejado solo por la Australia blanca.	masculine	Eine radikale Aborigines-Aktivistin, teilweise englischsprachig-irischer Abstammung, argumentiert, dass Aborigines wirklich Landentschädigung, diskrete nicht-diktatoriale Hilfe und von weißem Australien allein gelassen werden wollen.	feminine	Una activista aborigen radical, de ascendencia parte inglés-irlandesa, argumenta que lo que realmente quieren los aborígenes es la compensación de tierras, la ayuda discreta no dictatorial, y ser dejado solo por la Australia blanca.	feminine
student	Contact MTE today to inquire about PSAT or ACT and SAT math prep review for your student.	female_embedding_list	C4	Kontaktieren Sie MTE noch heute, um sich über PSAT oder ACT und SAT Mathe Vorbereitung Bewertung für Ihren Schüler zu erkundigen.	masculine	Póngase en contacto con MTE hoy para preguntar acerca de PSAT o ACT y SAT revisión de preparación de matemáticas para su estudiante.	neutral	Kontaktieren Sie MTE noch heute, um sich über PSAT oder ACT und SAT Mathe Vorbereitung Bewertung für Ihre Schülerin zu erkundigen.	feminine	Póngase en contacto con MTE hoy para preguntar acerca de PSAT o ACT y SAT revisión de preparación de matemáticas para su estudiante.	neutral
salesperson	A great communicator, my salesperson answered all my questions about the WilsonArt flooring purchased.	male_embedding_list	C4	Ein großer Kommunikator, mein Verkäufer beantwortete alle meine Fragen über den WilsonArt Bodenbelag gekauft.	masculine	Un gran comunicador, mi vendedor respondió a todas mis preguntas sobre el piso WilsonArt comprado.	masculine	Eine große Kommunikatorin, meine Verkäuferin beantwortete alle meine Fragen über den WilsonArt Bodenbelag gekauft.	feminine	Un gran comunicador, mi vendedora respondió a todas mis preguntas sobre el piso WilsonArt comprado.	feminine
adult	I suggest you start taking yourself seriously as an adult.	LLM_neutral_list	OpenSubtitles	Ich schlage vor, Sie nehmen sich als Erwachsener ernst.	masculine	Te sugiero que empieces a tomarte en serio como adulto.	masculine	Ich schlage vor, Sie nehmen sich als Erwachsene ernst.	feminine	Te sugiero que empieces a tomarte en serio como adulta.	feminine
resident	As a guest, you share the village with day-trippers between 9.30am and 5.30pm, but in the early morning and evening you are a make-believe resident in an architectural wonderland.	LLM_neutral_list	C4	Als Gast teilen Sie sich das Dorf mit Tagesausflugern zwischen 9.30 und 17.30 Uhr, aber am frühen Morgen und am Abend sind Sie ein make-inficial Bewohner in einem architektonischen Wunderland.	masculine	Como huésped, usted comparte el pueblo con los viajeros de un día entre las 9.30 y las 17.30 horas, pero por la mañana temprano y por la noche usted es un residente imaginario en un país de maravillas arquitectónicas.	masculine	Als Gast teilen Sie sich das Dorf mit Tagesausflugern zwischen 9.30 und 17.30 Uhr, aber am frühen Morgen und am Abend sind Sie eine make-inficial Bewohnerin in einem architektonischen Wunderland.	feminine	Como huésped, usted comparte el pueblo con los viajeros de un día entre las 9.30 y las 17.30 horas, pero por la mañana temprano y por la noche usted es una residente imaginaria en un país de maravillas arquitectónicas.	feminine
patient	I don' t intend to mock you, officer, but I' m cancer patient.	LLM_neutral_list	OpenSubtitles	Ich will Sie nicht verspotten, Officer, aber ich bin Krebspatient.	masculine	No pretendo burlarme de usted, agente, pero soy paciente de cáncer.	neutral	Ich will Sie nicht verspotten, Officer, aber ich bin Krebspatientin.	feminine	No pretendo burlarme de usted, agente, pero soy paciente de cáncer.	neutral
cheerleader	That' s right, I am a cheerleader, and you' re a dumb ass.	LLM_female_list	OpenSubtitles	Das stimmt, ich bin Cheerleader und du bist ein dummer Arsch.	masculine	Así es, soy una animadora, y tú eres un idiota.	masculine	Das stimmt, ich bin Cheerleaderin und du bist ein dummer Arsch.	feminine	Así es, soy un animador, y tú eres un idiota.	masculine
dietitian	Kickstarting with the Whole30 diet may be a good choice, a dietitian suggests.	LLM_female_list	C4	Kickstarting mit der Whole30-Diät kann eine gute Wahl sein, schlägt ein Ernährungsberater.	masculine	Kickstarting con la dieta Whole30 puede ser una buena opción, sugiere un dietista.	masculine	Kickstarting mit der Whole30-Diät kann eine gute Wahl sein, schlägt eine Ernährungsberaterin.	feminine	Kickstarting con la dieta Whole30 puede ser una buena opción, sugiere una dietista.	feminine
entrepreneur	As an entrepreneur, self-publishing a book can be a great way for you to build authority and share your ideas with a potentially unlimited number of people.	LLM_male_list	C4	Als Unternehmer kann das Selbstveröffentlichen eines Buches eine großartige Möglichkeit für Sie sein, Autorität aufzubauen und Ihre Ideen mit einer potenziell unbegrenzten Anzahl von Menschen zu teilen.	masculine	Como empresario, la autoedición de un libro puede ser una gran manera de construir autoridad y compartir sus ideas con un número potencialmente ilimitado de personas.	masculine	Als Unternehmerin kann das Selbstveröffentlichen eines Buches eine großartige Möglichkeit für Sie sein, Autorität aufzubauen und Ihre Ideen mit einer potenziell unbegrenzten Anzahl von Menschen zu teilen.	feminine	Como empresaria, la autoedición de un libro puede ser una gran manera de construir autoridad y compartir sus ideas con un número potencialmente ilimitado de personas.	feminine
magician	There is a magician...... in Nepal, that cultivates trees antigravity.	male_embedding_list	OpenSubtitles	Es gibt einen Magier... in Nepal, der Antigravitation anbaut.	masculine	Hay un mago en Nepal que cultiva la antigravedad de los árboles.	masculine	Es gibt eine Magierin... in Nepal, die Antigravitation anbaut.	feminine	Hay una maga en Nepal que cultiva la antigravedad de los árboles.	feminine
minister	Just go and see your nearest Christian priest or minister and they will help you.	male_embedding_list	C4	Geh einfach zu deinem nächsten christlichen Priester oder Pfarrer, und sie werden dir helfen.	masculine	Ve a ver a tu sacerdote o ministro cristiano más cercano y ellos te ayudarán.	masculine	Geh einfach zu deiner nächsten christlichen Priesterin oder Pfarrerin, und sie werden dir helfen.	feminine	Ve a ver a tu sacerdote o ministra cristiana más cercana y ellos te ayudarán.	feminine
teen	With a little creativity and a little information about your teen, you are guaranteed to pick something that won’t sit in a drawer with the tags still on it.	female_embedding_list	C4	Mit ein wenig Kreativität und ein wenig Informationen über Ihren Teen, Sie sind garantiert, etwas zu wählen, das nicht in einer Schublade sitzen mit den Tags noch darauf.	masculine	Con un poco de creatividad y un poco de información sobre su hijo adolescente, usted está garantizado a elegir algo que no se sentará en un cajón con las etiquetas todavía en él.	masculine	Mit ein wenig Kreativität und ein wenig Informationen über Ihre Teen, Sie sind garantiert, etwas zu wählen, das nicht in einer Schublade sitzen mit den Tags noch darauf.	feminine	Con un poco de creatividad y un poco de información sobre su hija adolescente, usted está garantizado a elegir algo que no se sentará en un cajón con las etiquetas todavía en él.	feminine
developer	The prostitute said the former Home Depot web developer paid $125 for a 30-minute session, which took place less than three weeks before Harris’ 22-month-old son was found dead inside a hot SUV.	male_embedding_list	C4	Die Prostituierte sagte, dass der ehemalige Home Depot Web-Entwickler $125 für eine 30-minütige Sitzung bezahlte, die weniger als drei Wochen bevor Harris-22-monatiger Sohn tot in einem heißen SUV aufgefunden wurde.	masculine	La prostituta dijo que el ex desarrollador web Home Depot pagó $125 por una sesión de 30 minutos, que tuvo lugar menos de tres semanas antes de que Harris’ 22 meses de edad, hijo fue encontrado muerto dentro de un SUV caliente.	masculine	Die Prostituierte sagte, dass die ehemalige Home Depot Web-Entwicklerin $125 für eine 30-minütige Sitzung bezahlte, die weniger als drei Wochen bevor Harris-22-monatiger Sohn tot in einem heißen SUV aufgefunden wurde.	feminine	La prostituta dijo que la ex desarrolladora web Home Depot pagó $125 por una sesión de 30 minutos, que tuvo lugar menos de tres semanas antes de que Harris’ 22 meses de edad, hijo fue encontrado muerto dentro de un SUV caliente.	feminine
student	Because my vermin is a former student of yours.	female_embedding_list	OpenSubtitles	Weil mein Ungeziefer ein ehemaliger Schüler von dir ist.	masculine	Porque mi alimaña es una antigua estudiante tuya.	feminine	Weil mein Ungeziefer eine ehemalige Schülerin von dir ist.	feminine	Porque mi alimaña es un antiguo estudiante tuya.	masculine
singer	I will miss the audition for singer in restaurant "Lipov lad" - the best restaurant in Belgrade!	LLM_female_list	OpenSubtitles	Ich werde das Vorsprechen für Sänger im Restaurant "Lipov lad" vermissen - das beste Restaurant in Belgrad!	masculine	Me perderé la audición para cantante en el restaurante "Lipov lad" - el mejor restaurante de Belgrado!	neutral	Ich werde das Vorsprechen für Sängerin im Restaurant "Lipov lad" vermissen - das beste Restaurant in Belgrad!	feminine	Me perderé la audición para cantante en el restaurante "Lipov lad" - el mejor restaurante de Belgrado!	neutral
director	However, my town, Hackensack, was able to hire a civilian director who had recently retired.	LLM_male_list	C4	Meine Stadt, Hackensack, konnte jedoch einen zivilen Direktor einstellen, der vor kurzem in Rente gegangen war.	masculine	Sin embargo, mi ciudad, Hackensack, fue capaz de contratar a un director civil que se había retirado recientemente.	masculine	Meine Stadt, Hackensack, konnte jedoch eine zivile Direktorin einstellen, die vor kurzem in Rente gegangen war.	feminine	Sin embargo, mi ciudad, Hackensack, fue capaz de contratar a una directora civil que se había retirado recientemente.	feminine
follower	If you are already a follower of this blog, then you get a free copy ‘cos you are special.	male_embedding_list	C4	Wenn Sie bereits ein Anhänger dieses Blogs sind, dann erhalten Sie eine kostenlose Kopie ‘, weil Sie etwas Besonderes sind.	masculine	Si ya eres un seguidor de este blog, entonces obtienes una copia gratuita ‘porque eres especial.	masculine	Wenn Sie bereits eine Anhängerin dieses Blogs sind, dann erhalten Sie eine kostenlose Kopie ‘, weil Sie etwas Besonderes sind.	feminine	Si ya eres una seguidora de este blog, entonces obtienes una copia gratuita ‘porque eres especial.	feminine
dancer	You can purchase these genuine FireWorks toys for yourself direct from us, whether you're a budding fire dancer or a hard-core professional.	female_embedding_list	C4	Sie können diese echten FireWorks Spielzeuge direkt bei uns kaufen, egal ob Sie ein angehender Feuertänzer oder ein Hardcore-Profi sind.	masculine	Usted puede comprar estos juguetes genuinos de FireWorks para usted directamente de nosotros, ya sea que usted es un bailarín de fuego en ciernes o un profesional duro.	masculine	Sie können diese echten FireWorks Spielzeuge direkt bei uns kaufen, egal ob Sie eine angehende Feuertänzerin oder ein Hardcore-Profi sind.	feminine	Usted puede comprar estos juguetes genuinos de FireWorks para usted directamente de nosotros, ya sea que usted es una bailarina de fuego en ciernes o una profesional dura.	feminine
gamer	For your gamer to achieve that, this individual really should make use of wonderful tennis cristiano ronaldo shoes equipment.	LLM_neutral_list	C4	Damit Ihr Spieler, dass zu erreichen, sollte diese Person wirklich Gebrauch von wunderbaren Tennis Cristiano Ronaldo Schuhe Ausrüstung machen.	masculine	Para que su jugador para lograr eso, este individuo realmente debe hacer uso de un maravilloso equipo de tenis cristiano ronaldo zapatos.	masculine	Damit Ihre Spielerin, dass zu erreichen, sollte diese Person wirklich Gebrauch von wunderbaren Tennis Cristiano Ronaldo Schuhe Ausrüstung machen.	feminine	Para que su jugadora para lograr eso, esta individua realmente debe hacer uso de un maravilloso equipo de tenis cristiano ronaldo zapatos.	feminine
counselor	As a marriage counselor for the last ten years, I have studied closely what it takes to resuscitate the damaged heart of marriages on the brink of divorce.	female_embedding_list	C4	Als Eheberaterin der letzten zehn Jahre habe ich genau untersucht, was nötig ist, um das beschädigte Herz der Ehen am Rande der Scheidung wiederzubeleben.	feminine	Como consejero matrimonial durante los últimos diez años, he estudiado de cerca lo que se necesita para resucitar el corazón dañado de los matrimonios al borde del divorcio.	masculine	Als Eheberater der letzten zehn Jahre habe ich genau untersucht, was nötig ist, um das beschädigte Herz der Ehen am Rande der Scheidung wiederzubeleben.	masculine	Como consejera matrimonial durante los últimos diez años, he estudiado de cerca lo que se necesita para resucitar el corazón dañado de los matrimonios al borde del divorcio.	feminine
passenger	Some of the plots have been identified and plaques on the houses inform you which passenger owned the plot of land upon which the current house now sits.	LLM_neutral_list	C4	Einige der Grundstücke wurden identifiziert und Plaketten auf den Häusern informieren Sie, welche Passagier im Besitz des Grundstücks, auf dem das aktuelle Haus jetzt sitzt.	masculine	Algunas de las parcelas han sido identificadas y las placas de las casas le informan qué pasajero era dueño de la parcela de tierra en la que se encuentra la casa actual.	masculine	Einige der Grundstücke wurden identifiziert und Plaketten auf den Häusern informieren Sie, welche Passagierin im Besitz des Grundstücks, auf dem das aktuelle Haus jetzt sitzt.	feminine	Algunas de las parcelas han sido identificadas y las placas de las casas le informan qué pasajera era dueña de la parcela de tierra en la que se encuentra la casa actual.	feminine
expert	Like I said, you' re the expert but do you remember the plan I outlined...... the day I set fire to your....	LLM_neutral_list	OpenSubtitles	Wie gesagt, du bist der Experte, aber erinnerst du dich an den Plan, den ich skizziert habe... an dem Tag, an dem ich dein...	masculine	Como dije, tú eres el experto pero recuerdas el plan que esbocé... el día que prendí fuego a tu...	masculine	Wie gesagt, du bist die Expertin, aber erinnerst du dich an den Plan, den ich skizziert habe... an dem Tag, an dem ich dein...	feminine	Como dije, tú eres la experta pero recuerdas el plan que esbocé... el día que prendí fuego a tu...	feminine
athlete	It seems pretty clear that this is an elite athlete and this is not something to try at home.	LLM_male_list	C4	Es scheint ziemlich klar, dass dies ein Elite-Sportler ist und dies ist nicht etwas zu Hause versuchen.	masculine	Parece bastante claro que este es un atleta de élite y esto no es algo para probar en casa.	masculine	Es scheint ziemlich klar, dass dies eine Elite-Sportlerin ist und dies ist nicht etwas zu Hause versuchen.	feminine	Parece bastante claro que esta es una atleta de élite y esto no es algo para probar en casa.	feminine
nurse	Your doctor or MS nurse may provide you with an AVOSTARTCLIP titration kit to help gradually increase your dose of AVONEX during the first 3 weeks of treatment.	female_embedding_list	C4	Ihr Arzt oder die MS-Krankenschwester kann Ihnen ein AVOSTARTCLIP-Titrationsset zur Verfügung stellen, um Ihre AVONEX-Dosis in den ersten 3 Wochen der Behandlung schrittweise zu erhöhen.	feminine	Su médico o enfermero de MS pueden proporcionarle un kit de ajuste de AVOSTARTCLIP para ayudar a aumentar gradualmente su dosis de AVONEX durante las primeras 3 semanas de tratamiento.	masculine	Ihr Arzt oder der MS-Krankenpfleger kann Ihnen ein AVOSTARTCLIP-Titrationsset zur Verfügung stellen, um Ihre AVONEX-Dosis in den ersten 3 Wochen der Behandlung schrittweise zu erhöhen.	masculine	Su médico o enfermera de MS pueden proporcionarle un kit de ajuste de AVOSTARTCLIP para ayudar a aumentar gradualmente su dosis de AVONEX durante las primeras 3 semanas de tratamiento.	feminine
manager	I went but the manager said I' d just missed her.	male_embedding_list	OpenSubtitles	Ich ging, aber der Manager sagte, ich hätte sie gerade verpasst.	masculine	Fui pero el gerente dijo que la había echado de menos.	masculine	Ich ging, aber die Managerin sagte, ich hätte sie gerade verpasst.	feminine	Fui pero la gerenta dijo que la había echado de menos.	feminine
attendant	Well, you must, as a flight attendant, offer the option of buying another seat at half price for that oversized item.	female_embedding_list	OpenSubtitles	Nun, Sie müssen als Flugbegleiter die Möglichkeit bieten, einen anderen Sitzplatz zum halben Preis für dieses übergroße Stück zu kaufen.	masculine	Bueno, usted debe, como azafata, ofrecer la opción de comprar otro asiento a mitad de precio para ese artículo de gran tamaño.	feminine	Nun, Sie müssen als Flugbegleiterin die Möglichkeit bieten, einen anderen Sitzplatz zum halben Preis für dieses übergroße Stück zu kaufen.	feminine	Bueno, usted debe, como azafato, ofrecer la opción de comprar otro asiento a mitad de precio para ese artículo de gran tamaño.	masculine
blogger	And, PLEASE, if you are a "no-reply comment" blogger, you must leave an email address in your comment.	female_embedding_list	C4	Und, BITTE, wenn Sie ein "nicht antworten Kommentar" Blogger sind, müssen Sie eine E-Mail-Adresse in Ihrem Kommentar hinterlassen.	masculine	Y, por favor, si eres un blogger de "no responder comentarios", debes dejar una dirección de correo electrónico en tu comentario.	masculine	Und, BITTE, wenn Sie eine "nicht antworten Kommentar" Bloggerin sind, müssen Sie eine E-Mail-Adresse in Ihrem Kommentar hinterlassen.	feminine	Y, por favor, si eres una blogger de "no responder comentarios", debes dejar una dirección de correo electrónico en tu comentario.	feminine
investigator	Another investigator has worked with equine cadavers to quantify bend, and there is at least 2 degrees of movement available between each thoracic vertebra in a deceased horse.	LLM_male_list	C4	Ein anderer Ermittler hat mit Pferdekadavern gearbeitet, um Biegung zu quantifizieren, und es gibt mindestens 2 Grad Bewegung zwischen jedem Brustwirbel in einem verstorbenen Pferd.	masculine	Otro investigador ha trabajado con cadáveres equinos para cuantificar la curva, y hay al menos 2 grados de movimiento disponibles entre cada vértebra torácica en un caballo fallecido.	masculine	Eine andere Ermittlerin hat mit Pferdekadavern gearbeitet, um Biegung zu quantifizieren, und es gibt mindestens 2 Grad Bewegung zwischen jedem Brustwirbel in einem verstorbenen Pferd.	feminine	Otra investigadora ha trabajado con cadáveres equinos para cuantificar la curva, y hay al menos 2 grados de movimiento disponibles entre cada vértebra torácica en un caballo fallecido.	feminine
publisher	In 2002, I worked for a New York City book publisher doing a job I hated.	LLM_male_list	C4	2002 arbeitete ich für einen New Yorker Buchverlag, der einen Job machte, den ich hasste.	neutral	En 2002, trabajé para un editor de libros de la ciudad de Nueva York haciendo un trabajo que odiaba.	masculine	2002 arbeitete ich für einen New Yorker Buchverlag, der einen Job machte, den ich hasste.	neutral	En 2002, trabajé para una editora de libros de la ciudad de Nueva York haciendo un trabajo que odiaba.	feminine
philosopher	The philosopher, it turns out, got it backward.	male_embedding_list	C4	Der Philosoph, wie sich herausstellte, hat es rückwärts gebracht.	masculine	El filósofo, resulta, lo consiguió hacia atrás.	masculine	Die Philosophin, wie sich herausstellte, hat es rückwärts gebracht.	feminine	La filósofa, resulta, lo consiguió hacia atrás.	feminine
leader	As a leader, you must have an explicit purpose and vision for yourself, your team, and your mission.	male_embedding_list	C4	Als Anführer müssen Sie einen expliziten Zweck und eine Vision für sich selbst, Ihr Team und Ihre Mission haben.	masculine	Como líder, debes tener un propósito y una visión explícitos para ti, tu equipo y tu misión.	masculine	Als Anführerin müssen Sie einen expliziten Zweck und eine Vision für sich selbst, Ihr Team und Ihre Mission haben.	feminine	Como lideresa, debes tener un propósito y una visión explícitos para ti, tu equipo y tu misión.	feminine
editor	It was a rag, but the editor taught me one important lesson.	female_embedding_list	OpenSubtitles	Es war ein Lappen, aber der Redakteur hat mir eine wichtige Lektion erteilt.	masculine	Era un trapo, pero el editor me enseñó una lección importante.	masculine	Es war ein Lappen, aber die Redakteurin hat mir eine wichtige Lektion erteilt.	feminine	Era un trapo, pero la editora me enseñó una lección importante.	feminine
developer	You could visit FPT - Best Music Apps's website to know more about the company/developer who developed this.	male_embedding_list	C4	Besuchen Sie die Website von FPT - Best Music Apps, um mehr über das Unternehmen/Entwickler zu erfahren, der dies entwickelt hat.	masculine	Puedes visitar el sitio web de FPT - Best Music Apps para saber más sobre la empresa/desarrollador que desarrolló esto.	masculine	Besuchen Sie die Website von FPT - Best Music Apps, um mehr über das Unternehmen/Entwicklerin zu erfahren, die dies entwickelt hat.	feminine	Puedes visitar el sitio web de FPT - Best Music Apps para saber más sobre la empresa/desarrolladora que desarrolló esto.	feminine
client	Uh, my client would like to plead guilty, Your Honour.	LLM_neutral_list	OpenSubtitles	Mein Mandant möchte sich schuldig bekennen, Euer Ehren.	masculine	A mi cliente le gustaría declararse culpable, Su Señoría.	masculine	Meine Mandantin möchte sich schuldig bekennen, Euer Ehren.	feminine	A mi clienta le gustaría declararse culpable, Su Señoría.	feminine
leader	I' m no leader, I never was!	male_embedding_list	OpenSubtitles	Ich bin kein Anführer, ich war es nie!	masculine	¡No soy líder, nunca lo fui!	masculine	Ich bin keine Anführerin, ich war es nie!	feminine	¡No soy lideresa, nunca la fui!	feminine
helper	His plan allowed for an in-home helper who came every day to get Agnes up and be a personal assistant and to assist Agnes in performing her activities of daily living – grooming, toileting, dressing, eating, walking and whatever else was needed.	LLM_neutral_list	C4	Sein Plan erlaubte es einem Haushelfer, der jeden Tag kam, um Agnes aufzuholen und eine persönliche Assistentin zu sein und Agnes bei der Durchführung ihrer täglichen Aktivitäten zu helfen – Pflege, Toiletten, Ankleiden, Essen, Gehen und was sonst noch nötig war.	masculine	Su plan permitió que un ayudante en el hogar que venía todos los días para levantar a Agnes y ser una asistente personal y ayudar a Agnes en la realización de sus actividades de la vida diaria - aseo, aseo, vestirse, comer, caminar y lo que fuera necesario.	masculine	Sein Plan erlaubte es einer Haushelferin, die jeden Tag kam, um Agnes aufzuholen und eine persönliche Assistentin zu sein und Agnes bei der Durchführung ihrer täglichen Aktivitäten zu helfen – Pflege, Toiletten, Ankleiden, Essen, Gehen und was sonst noch nötig war.	feminine	Su plan permitió que una ayudante en el hogar que venía todos los días para levantar a Agnes y ser una asistente personal y ayudar a Agnes en la realización de sus actividades de la vida diaria - aseo, aseo, vestirse, comer, caminar y lo que fuera necesario.	feminine
blogger	Did blogging books change the game for me as a new blogger?	female_embedding_list	C4	Hat Blogging Bücher das Spiel für mich als neuer Blogger verändert?	masculine	¿Los libros de blogueo cambiaron el juego para mí como un nuevo blogger?	masculine	Hat Blogging Bücher das Spiel für mich als neue Bloggerin verändert?	feminine	¿Los libros de blogueo cambiaron el juego para mí como una nueva blogger?	feminine
firefighter	I wear kevlar laces that have lasted me through two pairs of boots, under the daily demand of work as a forester and wildland firefighter!	LLM_male_list	C4	Ich trage Kevlar-Schnüren, die mich durch zwei Paar Stiefel durchgehalten haben, unter der täglichen Forderung der Arbeit als Förster und Wildland Feuerwehrmann!	masculine	¡Llevo cordones de kevlar que me han durado a través de dos pares de botas, bajo la demanda diaria de trabajo como bombero forestal y salvaje!	masculine	Ich trage Kevlar-Schnüren, die mich durch zwei Paar Stiefel durchgehalten haben, unter der täglichen Forderung der Arbeit als Försterin und Wildland Feuerwehrfrau!	feminine	¡Llevo cordones de kevlar que me han durado a través de dos pares de botas, bajo la demanda diaria de trabajo como bombera forestal y salvaje!	feminine
adult	As an adult, I had settled in my heart that my dad was no longer a part of my life and I had to move on.	LLM_neutral_list	C4	Als Erwachsener hatte ich mich in meinem Herzen niedergelassen, dass mein Vater nicht mehr ein Teil meines Lebens war und ich weiterziehen musste.	masculine	Como adulto, me había establecido en mi corazón que mi padre ya no era parte de mi vida y tenía que seguir adelante.	masculine	Als Erwachsene hatte ich mich in meinem Herzen niedergelassen, dass mein Vater nicht mehr ein Teil meines Lebens war und ich weiterziehen musste.	feminine	Como adulta, me había establecido en mi corazón que mi padre ya no era parte de mi vida y tenía que seguir adelante.	feminine
amateur	Whether you’re an amateur or a professional athlete, it is always important to protect your body from injury and stay healthy.	female_embedding_list	C4	Egal, ob Sie Amateur oder Profi-Sportler sind, es ist immer wichtig, Ihren Körper vor Verletzungen zu schützen und gesund zu bleiben.	masculine	Si usted es un aficionado o un atleta profesional, siempre es importante proteger su cuerpo de lesiones y mantenerse saludable.	masculine	Egal, ob Sie Amateurin oder Profi-Sportlerin sind, es ist immer wichtig, Ihren Körper vor Verletzungen zu schützen und gesund zu bleiben.	feminine	Si usted es una aficionada o una atleta profesional, siempre es importante proteger su cuerpo de lesiones y mantenerse saludable.	feminine
buddy	It' s just not worth it, buddy.	male_embedding_list	OpenSubtitles	Das ist es einfach nicht wert, Kumpel.	masculine	No vale la pena, amigo.	masculine	Das ist es einfach nicht wert, Kumpelin.	feminine	No vale la pena, amiga.	feminine
enthusiast	I'm a coffee drinker, vintage lover, plant grower, nature enthusiast, nomadic wanderer, and Catholic newbie!	LLM_neutral_list	C4	Ich bin Kaffeetrinker, Vintage-Liebhaber, Pflanzenzüchter, Naturliebhaber, Nomadenwanderer und katholischer Neuling!	masculine	¡Soy un bebedor de café, amante de la vendimia, cultivador de plantas, entusiasta de la naturaleza, nómada y novato católico!	masculine	Ich bin Kaffeetrinkerin, Vintage-Liebhaberin, Pflanzenzüchter, Naturliebhaberin, Nomadenwanderin und katholischer Neuling!	feminine	¡Soy una bebedora de café, amante de la vendimia, cultivadora de plantas, entusiasta de la naturaleza, nómada y novata católica!	feminine
hairdresser	Instead large tears roll down my cheeks as the hairdresser makes my Rapunzel locks more manageable.	female_embedding_list	C4	Stattdessen rollen große Tränen meine Wangen hinunter, da der Friseur meine Rapunzel-Schlösser überschaubarer macht.	masculine	En vez de eso, grandes lágrimas bajan por mis mejillas mientras la peluquera hace que mis cerraduras Rapunzel sean más manejables.	feminine	Stattdessen rollen große Tränen meine Wangen hinunter, da die Friseurin meine Rapunzel-Schlösser überschaubarer macht.	feminine	En vez de eso, grandes lágrimas bajan por mis mejillas mientras el peluquero hace que mis cerraduras Rapunzel sean más manejables.	masculine
novelist	I always figured someday I’d be a novelist in my own right.	LLM_female_list	C4	Ich dachte immer, eines Tages wäre ich selbst ein Schriftsteller.	masculine	Siempre pensé que algún día sería novelista por derecho propio.	neutral	Ich dachte immer, eines Tages wäre ich selbst eine Schriftstellerin.	feminine	Siempre pensé que algún día sería novelista por derecho propio.	neutral
financier	In this heartfelt mystery-thriller, you’ll join a lovely cellist and her hunky lawyer as they battle a psycho murderer, a meddling maven, and a corrupt financier.	male_embedding_list	C4	In diesem innigen Mysteriums-Thriller gesellst du dich zu einem netten Cellisten und ihrem hunkigen Anwalt, während sie gegen einen Psychomörder, einen einmischenden Maven und einen korrupten Finanzier kämpfen.	masculine	En este sincero misterio-triller, te unirás a una encantadora violonchelista y a su adorable abogado mientras luchan contra un asesino psicópata, un entrometido maven, y un financiero corrupto.	masculine	In diesem innigen Mysteriums-Thriller gesellst du dich zu einem netten Cellisten und ihrem hunkigen Anwalt, während sie gegen einen Psychomörder, einen einmischenden Maven und eine korrupte Finanzierin kämpfen.	feminine	En este sincero misterio-triller, te unirás a una encantadora violonchelista y a su adorable abogado mientras luchan contra un asesino psicópata, un entrometido maven, y una financiera corrupta.	feminine
student	The long hours of training endured by the student of martial arts no doubt produce a disorientation of the senses not entirely dissimilar to that experienced by Burroughs and Gysin during their drug-fueled language experiments.	female_embedding_list	C4	Die langen Stunden der Ausbildung durch den Schüler der Kampfkunst erdulden zweifellos eine Desorientierung der Sinne nicht völlig unähnlich, wie von Burroughs und Gysin während ihrer drogenbetriebenen Sprachexperimente erlebt.	masculine	Las largas horas de entrenamiento soportadas por el estudiante de artes marciales sin duda producen una desorientación de los sentidos no totalmente diferente a la experimentada por Burroughs y Gysin durante sus experimentos de lenguaje alimentado con drogas.	masculine	Die langen Stunden der Ausbildung durch die Schülerin der Kampfkunst erdulden zweifellos eine Desorientierung der Sinne nicht völlig unähnlich, wie von Burroughs und Gysin während ihrer drogenbetriebenen Sprachexperimente erlebt.	feminine	Las largas horas de entrenamiento soportadas por la estudiante de artes marciales sin duda producen una desorientación de los sentidos no totalmente diferente a la experimentada por Burroughs y Gysin durante sus experimentos de lenguaje alimentado con drogas.	feminine
player	The penniless sitar player' s sitar is magical.	male_embedding_list	OpenSubtitles	Die Sitar des mittellosen Sitarspielers ist magisch.	masculine	El sitar del jugador sin dinero es mágico.	masculine	Die Sitar der mittellosen Sitarspielerin ist magisch.	feminine	El sitar de la jugadora sin dinero es mágico.	feminine
friend	Whoa, days have slid past me since I last posted, like driving to Ottawa to collect a friend who flew in from Calgary and who is currently staying with me and somehow, the days are flying past faster than I can manage to keep up.	LLM_neutral_list	C4	Whoa, Tage sind an mir vorbei gerutscht, seit ich das letzte Mal gepostet habe, wie das Fahren nach Ottawa, um einen Freund zu sammeln, der aus Calgary eingeflogen ist und der derzeit bei mir bleibt und irgendwie, die Tage fliegen schneller vorbei, als ich es schaffen kann, mitzuhalten.	masculine	Guau, han pasado días desde la última vez que publiqué, como conducir a Ottawa para recoger a un amigo que voló desde Calgary y que actualmente se está quedando conmigo y de alguna manera, los días están volando más rápido de lo que puedo mantenerme al día.	masculine	Whoa, Tage sind an mir vorbei gerutscht, seit ich das letzte Mal gepostet habe, wie das Fahren nach Ottawa, um eine Freundin zu sammeln, die aus Calgary eingeflogen ist und die derzeit bei mir bleibt und irgendwie, die Tage fliegen schneller vorbei, als ich es schaffen kann, mitzuhalten.	feminine	Guau, han pasado días desde la última vez que publiqué, como conducir a Ottawa para recoger a una amiga que voló desde Calgary y que actualmente se está quedando conmigo y de alguna manera, los días están volando más rápido de lo que puedo mantenerme al día.	feminine
expert	And since when did you become the expert?.	LLM_neutral_list	OpenSubtitles	Und seit wann bist du der Experte geworden?.	masculine	¿Y desde cuándo te convertiste en el experto?.	masculine	Und seit wann bist du die Expertin geworden?.	feminine	¿Y desde cuándo te convertiste en la experta?.	feminine
architect	Meanwhile, Gus, you need to find out who the architect is of the bank... and see if you can get a floor plan or a model.	male_embedding_list	OpenSubtitles	Währenddessen, Gus, musst du herausfinden, wer der Architekt der Bank ist... und sehen, ob du einen Grundriss oder ein Modell bekommst.	masculine	Mientras tanto, Gus, tienes que averiguar quién es el arquitecto del banco... y ver si puedes conseguir un plano o un modelo.	masculine	Währenddessen, Gus, musst du herausfinden, wer die Architektin der Bank ist... und sehen, ob du einen Grundriss oder ein Modell bekommst.	feminine	Mientras tanto, Gus, tienes que averiguar quién es la arquitecta del banco... y ver si puedes conseguir un plano o un modelo.	feminine
teen	After skimming a book on mechanics, the struggling teen is able to build a motorized vehicle for work to replace an exhausting wooden pushcart.	female_embedding_list	C4	Nach dem Abschäumen eines Buches über Mechanik ist der kämpfende Teenager in der Lage, ein motorisiertes Fahrzeug für die Arbeit zu bauen, um einen anstrengenden hölzernen Schubkarren zu ersetzen.	masculine	Después de esquiar un libro sobre mecánica, el adolescente luchador es capaz de construir un vehículo motorizado para el trabajo para reemplazar una carretilla de madera agotadora.	masculine	Nach dem Abschäumen eines Buches über Mechanik ist die kämpfende Teenagerin in der Lage, ein motorisiertes Fahrzeug für die Arbeit zu bauen, um einen anstrengenden hölzernen Schubkarren zu ersetzen.	feminine	Después de esquiar un libro sobre mecánica, la adolescente luchadora es capaz de construir un vehículo motorizado para el trabajo para reemplazar una carretilla de madera agotadora.	feminine
champion	The UFC is expanding, all the way from UFC 193 being held in Melbourne, Australia to now having its first ever UFC champion.	male_embedding_list	C4	Die UFC expandiert, von der UFC 193 in Melbourne, Australien, bis zu ihrem ersten UFC-Champion.	masculine	La UFC se está expandiendo, desde que UFC 193 se celebró en Melbourne, Australia, hasta que ahora tiene su primer campeón de UFC.	masculine	Die UFC expandiert, von der UFC 193 in Melbourne, Australien, bis zu ihrer ersten UFC-Champion.	feminine	La UFC se está expandiendo, desde que UFC 193 se celebró en Melbourne, Australia, hasta que ahora tiene su primera campeona de UFC.	feminine
athlete	Your first goal should be to enjoy thoroughly the activity you pursue, and if you are a focused "one-sport" endurance athlete, to add variety and find alternate forms of exercise that you can fall back upon in times of injury.	LLM_male_list	C4	Ihr erstes Ziel sollte sein, die Aktivität, die Sie verfolgen, gründlich zu genießen, und wenn Sie ein konzentrierter "One-Sport" Ausdauersportler sind, um Abwechslung hinzuzufügen und alternative Formen der Übung zu finden, auf die Sie in Zeiten der Verletzung zurückfallen können.	masculine	Su primer objetivo debe ser disfrutar a fondo de la actividad que usted persigue, y si usted es un atleta de resistencia "un deporte" centrado, para agregar variedad y encontrar formas alternativas de ejercicio que usted puede caer sobre en tiempos de lesión.	masculine	Ihr erstes Ziel sollte sein, die Aktivität, die Sie verfolgen, gründlich zu genießen, und wenn Sie eine konzentrierte "One-Sport" Ausdauersportlerin sind, um Abwechslung hinzuzufügen und alternative Formen der Übung zu finden, auf die Sie in Zeiten der Verletzung zurückfallen können.	feminine	Su primer objetivo debe ser disfrutar a fondo de la actividad que usted persigue, y si usted es una atleta de resistencia "un deporte" centrado, para agregar variedad y encontrar formas alternativas de ejercicio que usted puede caer sobre en tiempos de lesión.	feminine
therapist	Visiting our oral health therapist every 6 months is an important step towards preventing the build-up of plaque and other oral health issues.	female_embedding_list	C4	Der Besuch unseres oralen Gesundheitstherapeuten alle 6 Monate ist ein wichtiger Schritt zur Verhinderung des Aufbaus von Plaque und anderen Problemen der oralen Gesundheit.	masculine	Visitar a nuestro terapeuta de salud bucal cada 6 meses es un paso importante para prevenir la acumulación de placa y otros problemas de salud bucal.	masculine	Der Besuch unserer oralen Gesundheitstherapeutin alle 6 Monate ist ein wichtiger Schritt zur Verhinderung des Aufbaus von Plaque und anderen Problemen der oralen Gesundheit.	feminine	Visitar a nuestra terapeuta de salud bucal cada 6 meses es un paso importante para prevenir la acumulación de placa y otros problemas de salud bucal.	feminine
patient	Caring for you as more than a patient, spending time with you, understanding your concerns and desires, and earning your trust are all part of our goal."	LLM_neutral_list	C4	Sich um dich als mehr als einen Patienten zu kümmern, Zeit mit dir zu verbringen, deine Sorgen und Wünsche zu verstehen und dein Vertrauen zu verdienen, gehört zu unserem Ziel."	masculine	Cuidar de usted como algo más que un paciente, pasar tiempo con usted, entender sus preocupaciones y deseos, y ganarse su confianza son parte de nuestra meta."	masculine	Sich um dich als mehr als eine Patientin zu kümmern, Zeit mit dir zu verbringen, deine Sorgen und Wünsche zu verstehen und dein Vertrauen zu verdienen, gehört zu unserem Ziel."	feminine	Cuidar de usted como algo más que una paciente, pasar tiempo con usted, entender sus preocupaciones y deseos, y ganarse su confianza son parte de nuestra meta."	feminine
enemy	I think surgeons in the two subspecialties are realizing that neither is the enemy of the other."	male_embedding_list	C4	Ich denke, dass Chirurgen in den beiden Unterspezialitäten erkennen, dass weder der Feind des anderen ist."	masculine	Creo que los cirujanos de las dos subespecialidades se están dando cuenta de que ninguno de los dos es enemigo del otro".	masculine	Ich denke, dass Chirurgen in den beiden Unterspezialitäten erkennen, dass weder die Feindin des anderen ist."	feminine	Creo que los cirujanos de las dos subespecialidades se están dando cuenta de que ninguna de los dos es enemiga del otro".	feminine
chief	The chief continued by saying that we must all eat this chicken and it will give us the strength to finish our work in the village.	male_embedding_list	C4	Der Häuptling fuhr fort zu sagen, dass wir alle dieses Huhn essen müssen, und es wird uns die Kraft geben, unsere Arbeit im Dorf zu beenden.	masculine	El jefe continuó diciendo que todos debemos comer este pollo y nos dará la fuerza para terminar nuestro trabajo en la aldea.	masculine	Die Stammesführerin fuhr fort zu sagen, dass wir alle dieses Huhn essen müssen, und es wird uns die Kraft geben, unsere Arbeit im Dorf zu beenden.	feminine	La jefa continuó diciendo que todos debemos comer este pollo y nos dará la fuerza para terminar nuestro trabajo en la aldea.	feminine
publisher	It is officially the "biggest day one digital release" for the publisher, which toppled the franchise record set last year by Call of Duty WWII.	LLM_male_list	C4	Es ist offiziell der "größte Tag ein digitales Release" für den Verlag, der den im vergangenen Jahr von Call of Duty WWII aufgestellten Franchise-Rekord gestürzt hat.	neutral	Es oficialmente el "release digital más grande del primer día" para el editor, que derrocó el récord de franquicia establecido el año pasado por Call of Duty WWII.	masculine	Es ist offiziell der "größte Tag ein digitales Release" für den Verlag, der den im vergangenen Jahr von Call of Duty WWII aufgestellten Franchise-Rekord gestürzt hat.	neutral	Es oficialmente el "release digital más grande del primer día" para la editora, que derrocó el récord de franquicia establecido el año pasado por Call of Duty WWII.	feminine
expert	I' m the expert who would love to kiss his murderers.	LLM_neutral_list	OpenSubtitles	Ich bin der Experte, der gerne seine Mörder küssen würde.	masculine	Soy el experto al que le encantaría besar a sus asesinos.	masculine	Ich bin die Expertin, die gerne ihre Mörder küssen würde.	feminine	Soy la experta a la que le encantaría besar a sus asesinos.	feminine
nomad	It’s an odd feeling to have as I’m no longer a nomad, and it’s all because of the weather.	LLM_neutral_list	C4	Es ist ein seltsames Gefühl zu haben, wie ich nicht mehr ein Nomad bin, und es ist alles wegen des Wetters.	masculine	Es una sensación extraña de tener ya que ya no soy nómada, y todo es por el clima.	masculine	Es ist ein seltsames Gefühl zu haben, wie ich nicht mehr eine Nomadin bin, und es ist alles wegen des Wetters.	feminine	Es una sensación extraña de tener ya que ya no soy nómada, y todo es por el clima.	feminine
firefighter	The BFAB is a program of the Stephen Siller Tunnel to Towers Foundation, named for the FDNY firefighter killed during the 9/11 attack on the World Trade Center.	LLM_male_list	C4	Die BFAB ist ein Programm der Stephen Siller Tunnel to Towers Foundation, benannt nach dem FDNY Feuerwehrmann, der während des 9/11 Angriffs auf das World Trade Center getötet wurde.	masculine	El BFAB es un programa del Túnel Stephen Siller a la Fundación Towers, llamado así por el bombero de la FDNY muerto durante el ataque del 11 de septiembre en el World Trade Center.	masculine	Die BFAB ist ein Programm der Stephen Siller Tunnel to Towers Foundation, benannt nach der FDNY Feuerwehrfrau, die während des 9/11 Angriffs auf das World Trade Center getötet wurde.	feminine	El BFAB es un programa del Túnel Stephen Siller a la Fundación Towers, llamado así por la bombera de la FDNY muerta durante el ataque del 11 de septiembre en el World Trade Center.	feminine
friend	I know you miss your dog and your best friend... but we' re going home tomorrow... and Spot and Scott' il be there waitin 'for you... and everything' s gonna be peachy- pie normal... and just the way it was.	LLM_neutral_list	OpenSubtitles	Ich weiß, du vermisst deinen Hund und deinen besten Freund, aber wir gehen morgen nach Hause und Spot und Scott warten dort auf dich... und alles wird lecker sein... Kuchen normal... und so, wie es war.	masculine	Sé que echas de menos a tu perro y a tu mejor amigo... pero mañana nos vamos a casa... y Spot y Scott estarán ahí esperándote... y todo va a ser normal... y como estaba.	masculine	Ich weiß, du vermisst deinen Hund und deine beste Freundin, aber wir gehen morgen nach Hause und Spot und Scott warten dort auf dich... und alles wird lecker sein... Kuchen normal... und so, wie es war.	feminine	Sé que echas de menos a tu perro y a tu mejora amiga... pero mañana nos vamos a casa... y Spot y Scott estarán ahí esperándote... y todo va a ser normal... y como estaba.	feminine
hairdresser	It' s very stressful being a hairdresser, people expect a lot from you and sometimes you can' t stand the pressure.	female_embedding_list	OpenSubtitles	Es ist sehr stressig, Friseur zu sein, die Leute erwarten viel von dir und manchmal kann man den Druck nicht ertragen.	masculine	Es muy estresante ser peluquero, la gente espera mucho de ti y a veces no puedes soportar la presión.	masculine	Es ist sehr stressig, Friseurin zu sein, die Leute erwarten viel von dir und manchmal kann man den Druck nicht ertragen.	feminine	Es muy estresante ser peluquera, la gente espera mucho de ti y a veces no puedes soportar la presión.	feminine
soldier	A fine soldier you are, bested by a bedtime story.	male_embedding_list	OpenSubtitles	Ein feiner Soldat, der von einer Gute-Nacht-Geschichte bestochen wird.	masculine	Eres un buen soldado, superado por un cuento para dormir.	masculine	Eine feine Soldatin, die von einer Gute-Nacht-Geschichte bestochen wird.	feminine	Eres una buena soldado, superada por un cuento para dormir.	feminine
captain	Whatever verdict is delivered in the trial of the Italian sea captain for the shipwreck of the Costa Concordia cruise liner and for the deaths of 32 people, survivors and victims’ families already are wondering if justice will be done.	male_embedding_list	C4	Was auch immer Urteil im Prozess von dem italienischen Seekapitän für das Schiffwrack von dem Kreuzfahrtschiff Costa Concordia und für den Tod von 32 Menschen, Überlebenden und Opfern abgegeben wird, fragen sich bereits, ob Gerechtigkeit getan wird.	masculine	Cualquiera que sea el veredicto emitido en el juicio del capitán de mar italiano por el naufragio del crucero Costa Concordia y por la muerte de 32 personas, sobrevivientes y familiares de las víctimas ya se preguntan si se hará justicia.	masculine	Was auch immer Urteil im Prozess von der italienischen Seekapitänin für das Schiffwrack von dem Kreuzfahrtschiff Costa Concordia und für den Tod von 32 Menschen, Überlebenden und Opfern abgegeben wird, fragen sich bereits, ob Gerechtigkeit getan wird.	feminine	Cualquiera que sea el veredicto emitido en el juicio de la capitana de mar italiano por el naufragio del crucero Costa Concordia y por la muerte de 32 personas, sobrevivientes y familiares de las víctimas ya se preguntan si se hará justicia.	feminine
senior	The senior ate up 51 yards of the game-opening 78-yard drive on nine carries, the last a 1-yard run to give the Bulldogs a 7-0 lead midway through the first quarter.	female_embedding_list	C4	Der Senior aß 51 Yards des Spiels öffnenden 78-Yard-Laufwerk auf neun trägt, der letzte 1-Yard-Lauf, um den Bulldogs eine 7-0 Führung auf halbem Weg durch das erste Quartal zu geben.	masculine	El senior se comió 51 yardas de la jornada de apertura de 78 yardas en nueve portas, la última una carrera de 1 yarda para dar a los Bulldogs una ventaja de 7-0 a mitad de camino a través del primer trimestre.	masculine	Die Seniorin aß 51 Yards des Spiels öffnenden 78-Yard-Laufwerk auf neun trägt, der letzte 1-Yard-Lauf, um den Bulldogs eine 7-0 Führung auf halbem Weg durch das erste Quartal zu geben.	feminine	La senior se comió 51 yardas de la jornada de apertura de 78 yardas en nueve portas, la última una carrera de 1 yarda para dar a los Bulldogs una ventaja de 7-0 a mitad de camino a través del primer trimestre.	feminine
clerk	The clerk gave the suspect an undisclosed amount of money.	female_embedding_list	C4	Der Sachbearbeiter gab dem Verdächtigen eine ungeklärte Menge Geld.	masculine	El empleado le dio al sospechoso una cantidad de dinero no revelada.	masculine	Die Sachbearbeiterin gab dem Verdächtigen eine ungeklärte Menge Geld.	feminine	La empleada le dio al sospechoso una cantidad de dinero no revelada.	feminine
supervisor	As a manager or supervisor, you are the primary person responsible for dealing with the problem of sexual harassment in the day-to-day operations of your company or organization.	male_embedding_list	C4	Als Manager oder Supervisor sind Sie die Hauptperson, die für das Problem der sexuellen Belästigung im täglichen Betrieb Ihres Unternehmens oder Ihrer Organisation verantwortlich ist.	masculine	Como gerente o supervisor, usted es la persona principal responsable de lidiar con el problema del acoso sexual en las operaciones cotidianas de su empresa u organización.	masculine	Als Managerin oder Supervisorin sind Sie die Hauptperson, die für das Problem der sexuellen Belästigung im täglichen Betrieb Ihres Unternehmens oder Ihrer Organisation verantwortlich ist.	feminine	Como gerente o supervisora, usted es la persona principal responsable de lidiar con el problema del acoso sexual en las operaciones cotidianas de su empresa u organización.	feminine
cheerleader	I am the guide, cheerleader, and coach that helps lead the way to these kinds of results.	LLM_female_list	C4	Ich bin der Führer, Cheerleader und Trainer, der hilft, den Weg zu diesen Art von Ergebnissen zu führen.	masculine	Yo soy el guía, animadora, y entrenador que ayuda a guiar el camino a este tipo de resultados.	feminine	Ich bin die Führerin, Cheerleaderin und Trainerin, die hilft, den Weg zu diesen Art von Ergebnissen zu führen.	feminine	Yo soy el guía, animador, y entrenador que ayuda a guiar el camino a este tipo de resultados.	masculine
leader	Why focusing on yourself diminishes your impact as a leader.	male_embedding_list	C4	Warum Konzentration auf sich selbst verringert Ihre Auswirkungen als Führer.	masculine	¿Por qué centrarse en ti mismo disminuye su impacto como líder.	masculine	Warum Konzentration auf sich selbst verringert Ihre Auswirkungen als Führerin.	feminine	¿Por qué centrarse en ti mismo disminuye su impacto como lideresa.	feminine
minister	Given the Budget plans a R30,000 cut in petroleum subsidies in FY14 as compared to FY13, it is obvious the finance minister is serious about petroleum pricing reforms.	male_embedding_list	C4	Angesichts der Haushaltspläne für eine R30.000 Kürzung der Erdölsubventionen in FY14 im Vergleich zu FY13, ist es offensichtlich, dass der Finanzminister ernst ist mit Erdölpreisreformen.	masculine	Dado que el presupuesto prevé una reducción de 30.000 R en las subvenciones al petróleo en el ejercicio económico de 14 años en comparación con el ejercicio económico de 13, es obvio que el ministro de Finanzas es serio sobre las reformas de los precios del petróleo.	masculine	Angesichts der Haushaltspläne für eine R30.000 Kürzung der Erdölsubventionen in FY14 im Vergleich zu FY13, ist es offensichtlich, dass die Finanzministerin ernst ist mit Erdölpreisreformen.	feminine	Dado que el presupuesto prevé una reducción de 30.000 R en las subvenciones al petróleo en el ejercicio económico de 14 años en comparación con el ejercicio económico de 13, es obvio que la ministra de Finanzas es seria sobre las reformas de los precios del petróleo.	feminine
entrepreneur	Was becoming an enviro-entrepreneur always the goal?	LLM_male_list	C4	War es immer das Ziel, ein Unternehmer zu werden?	masculine	¿Convertirse en un emprendedor ambiental siempre fue la meta?	masculine	War es immer das Ziel, eine Unternehmerin zu werden?	feminine	¿Convertirse en una emprendedora ambiental siempre fue la meta?	feminine
receptionist	When you enter to the National Park, you will find the information office, where a knowledgeable bilingual receptionist will give you all the information you need.	female_embedding_list	C4	Wenn Sie in den Nationalpark eintreten, finden Sie das Informationsbüro, in dem Ihnen eine sachkundige zweisprachige Empfangsdame alle Informationen gibt, die Sie benötigen.	feminine	Cuando entres al Parque Nacional, encontrarás la oficina de información, donde una recepcionista bilingüe conocedora te dará toda la información que necesites.	feminine	Wenn Sie in den Nationalpark eintreten, finden Sie das Informationsbüro, in dem Ihnen ein sachkundiger zweisprachiger Empfangsherr alle Informationen gibt, die Sie benötigen.	masculine	Cuando entres al Parque Nacional, encontrarás la oficina de información, donde un recepcionista bilingüe conocedora te dará toda la información que necesites.	masculine
pilot	Aviation expert Julian Bray told Sky News the pilot should be commended for the way the passengers were guided to safety.	male_embedding_list	C4	Luftfahrtexperte Julian Bray sagte Sky News, dass der Pilot für die Art und Weise gelobt werden sollte, wie die Passagiere zur Sicherheit geführt wurden.	masculine	El experto en aviación Julian Bray dijo a Sky News que el piloto debería ser elogiado por la forma en que los pasajeros fueron guiados a la seguridad.	masculine	Luftfahrtexperte Julian Bray sagte Sky News, dass die Pilotin für die Art und Weise gelobt werden sollte, wie die Passagiere zur Sicherheit geführt wurden.	feminine	El experto en aviación Julian Bray dijo a Sky News que la piloto debería ser elogiada por la forma en que los pasajeros fueron guiados a la seguridad.	feminine
doctor	Their blood, according to the good doctor, is on our hands.	LLM_male_list	C4	Ihr Blut, so der gute Arzt, liegt an unseren Händen.	masculine	Su sangre, según el buen doctor, está en nuestras manos.	masculine	Ihr Blut, so die gute Ärztin, liegt an unseren Händen.	feminine	Su sangre, según la buena doctora, está en nuestras manos.	feminine
friend	Is it too much to ask from my oldest friend to help me out?	LLM_neutral_list	OpenSubtitles	Ist es zu viel verlangt von meinem ältesten Freund, mir zu helfen?	masculine	¿Es demasiado pedir a mi amigo mayor que me ayude?	masculine	Ist es zu viel verlangt von meiner ältesten Freundin, mir zu helfen?	feminine	¿Es demasiado pedir a mi amiga mayor que me ayude?	feminine
